Crash_Severity,Vehicle_Speed,Crash_Time,Age,Gender,Vehicle_Type,Number_of_Lanes,Lane_Width,Road_Type,Alcohol_Consumption,Crash_Type,Seatbelt_Usage,Speed_Limit,Road_Surface_Condition
Minor injury,107,11,27,Male,Heavy Vehicle,2,3.484386,Urban,Yes,Rear-end,No,30,Icy
Minor injury,27,16,39,Male,Car,2,3.293091,Rural,Yes,Rear-end,Yes,110,Dry
Minor injury,87,14,42,Female,Car,3,3.218911,Urban,No,Rear-end,No,59,Dry
Minor injury,43,3,60,Female,Heavy Vehicle,2,3.113012,Rural,No,Rear-end,No,73,Wet
Minor injury,72,8,70,Male,T.W,3,3.10658,Urban,Yes,Rear-end,Yes,42,Wet
Minor injury,15,20,49,Female,Car,3,3.38743,Rural,Yes,Rear-end,Yes,117,Dry
Minor injury,62,6,70,Male,Car,1,3.46411,Urban,No,Head-on,Yes,55,Dry
Minor injury,96,17,69,Male,Car,2,3.199897,Rural,Yes,Head-on,Yes,117,Icy
Minor injury,85,8,40,Female,Car,2,3.333741,Rural,No,Head-on,Yes,97,Icy
Minor injury,120,21,18,Female,Car,1,3.113678,Urban,No,Rear-end,No,100,Dry
Minor injury,76,20,43,Male,Car,1,3.296583,Urban,Yes,Rear-end,No,44,Wet
Minor injury,37,14,18,Female,Car,3,3.388057,Urban,Yes,Head-on,No,104,Dry
Minor injury,13,22,38,Male,Car,3,3.260688,Urban,Yes,Rear-end,No,36,Icy
Minor injury,50,15,36,Female,Car,2,3.095538,Urban,Yes,Head-on,Yes,81,Dry
Minor injury,98,6,31,Male,Car,1,3.206009,Rural,No,Rear-end,Yes,89,Dry
Minor injury,44,5,80,Female,Heavy Vehicle,3,3.150078,Rural,No,Rear-end,No,111,Wet
Minor injury,50,6,56,Male,Heavy Vehicle,1,3.099321,Rural,Yes,Head-on,Yes,64,Icy
Minor injury,35,16,26,Female,Heavy Vehicle,1,3.317755,Urban,Yes,Rear-end,Yes,109,Wet
Minor injury,27,2,70,Female,Car,3,3.001781,Rural,No,Rear-end,Yes,73,Wet
Minor injury,40,1,56,Male,Car,3,3.457397,Rural,No,Head-on,No,116,Icy
Minor injury,30,20,72,Female,Car,2,3.319937,Rural,Yes,Rear-end,No,104,Icy
Minor injury,107,20,31,Female,Car,3,3.309784,Urban,No,Rear-end,No,51,Wet
Minor injury,105,6,25,Male,Car,3,3.436201,Urban,No,Rear-end,No,49,Icy
Minor injury,49,13,37,Female,Car,3,3.147718,Rural,No,Rear-end,Yes,34,Wet
Minor injury,87,20,68,Female,Heavy Vehicle,3,3.443541,Urban,Yes,Head-on,No,82,Wet
Minor injury,96,19,41,Female,Heavy Vehicle,1,3.384257,Urban,No,Rear-end,Yes,32,Icy
Minor injury,70,6,63,Male,Heavy Vehicle,1,3.232115,Rural,Yes,Rear-end,Yes,102,Wet
Minor injury,72,23,18,Female,Car,1,3.454554,Urban,Yes,Rear-end,No,90,Wet
Minor injury,60,15,32,Male,T.W,3,3.456898,Rural,No,Head-on,No,62,Dry
Minor injury,82,15,27,Male,T.W,1,3.278513,Rural,Yes,Head-on,Yes,110,Wet
Minor injury,88,16,44,Male,Heavy Vehicle,3,3.356214,Rural,Yes,Rear-end,Yes,116,Dry
Minor injury,57,19,58,Male,Car,1,3.181641,Rural,No,Head-on,No,106,Icy
Minor injury,75,1,36,Female,Car,2,3.490071,Urban,Yes,Head-on,Yes,120,Icy
Minor injury,27,1,60,Male,Car,2,3.031512,Urban,Yes,Head-on,No,63,Dry
Minor injury,25,16,62,Female,T.W,3,3.026725,Urban,Yes,Head-on,No,73,Wet
Minor injury,104,10,38,Male,T.W,2,3.365295,Rural,No,Head-on,No,37,Wet
Minor injury,20,10,61,Male,Car,3,3.09371,Rural,No,Head-on,Yes,78,Wet
Minor injury,90,10,78,Female,Car,3,3.193266,Rural,No,Head-on,Yes,82,Wet
Minor injury,106,5,36,Male,Heavy Vehicle,2,3.391984,Rural,Yes,Rear-end,No,74,Icy
Minor injury,109,17,37,Male,Heavy Vehicle,1,3.072395,Urban,Yes,Head-on,Yes,97,Icy
Minor injury,113,7,60,Female,Car,1,3.176051,Urban,No,Rear-end,Yes,96,Icy
Minor injury,94,17,48,Female,Heavy Vehicle,3,3.175086,Urban,No,Rear-end,No,90,Dry
Minor injury,44,15,48,Male,Heavy Vehicle,2,3.048192,Urban,Yes,Head-on,Yes,78,Icy
Minor injury,38,22,80,Male,Car,1,3.289469,Rural,Yes,Rear-end,Yes,72,Dry
Minor injury,84,5,32,Female,Heavy Vehicle,1,3.484957,Rural,No,Head-on,No,90,Dry
Minor injury,56,7,28,Female,Heavy Vehicle,2,3.447539,Rural,No,Head-on,Yes,57,Wet
Minor injury,30,16,22,Female,T.W,1,3.116892,Urban,No,Head-on,Yes,61,Dry
Minor injury,41,10,34,Male,T.W,2,3.387385,Urban,No,Rear-end,Yes,92,Dry
Minor injury,99,16,33,Male,Heavy Vehicle,3,3.46606,Rural,No,Head-on,No,69,Icy
Minor injury,39,17,33,Male,Car,3,3.46974,Rural,Yes,Rear-end,No,37,Icy
Minor injury,89,14,72,Male,Heavy Vehicle,1,3.29879,Urban,Yes,Rear-end,No,104,Dry
Minor injury,10,17,77,Male,Heavy Vehicle,2,3.392226,Rural,No,Rear-end,No,90,Dry
Minor injury,83,18,33,Male,Car,1,3.232979,Rural,Yes,Rear-end,Yes,97,Wet
Minor injury,59,16,31,Male,T.W,3,3.2283,Rural,No,Rear-end,No,33,Icy
Minor injury,92,21,47,Female,Heavy Vehicle,2,3.390458,Urban,No,Head-on,No,33,Icy
Minor injury,43,12,26,Male,Heavy Vehicle,3,3.387994,Rural,Yes,Rear-end,Yes,42,Wet
Minor injury,120,5,55,Male,Car,2,3.173093,Rural,Yes,Rear-end,Yes,118,Wet
Minor injury,94,0,53,Female,Car,1,3.250121,Rural,Yes,Head-on,Yes,81,Dry
Minor injury,38,4,69,Male,T.W,1,3.210584,Urban,Yes,Rear-end,Yes,90,Icy
Minor injury,48,5,46,Female,Car,3,3.105862,Rural,Yes,Rear-end,No,89,Dry
Minor injury,76,19,62,Female,T.W,2,3.321446,Rural,Yes,Head-on,Yes,43,Wet
Minor injury,107,18,61,Female,Car,1,3.290418,Rural,Yes,Rear-end,Yes,69,Wet
Minor injury,90,12,80,Female,T.W,1,3.424379,Urban,No,Head-on,No,117,Dry
Minor injury,52,20,74,Male,Heavy Vehicle,2,3.475189,Urban,No,Rear-end,Yes,89,Wet
Minor injury,15,12,19,Male,Car,1,3.094642,Urban,Yes,Rear-end,Yes,50,Wet
Minor injury,57,23,18,Male,Car,2,3.044026,Urban,Yes,Rear-end,No,33,Dry
Minor injury,100,11,33,Male,Car,1,3.250255,Urban,Yes,Rear-end,No,40,Icy
Minor injury,95,16,73,Female,Car,2,3.038184,Urban,Yes,Head-on,No,56,Dry
Minor injury,98,3,20,Male,Heavy Vehicle,2,3.125095,Urban,Yes,Rear-end,Yes,50,Dry
Minor injury,28,7,65,Male,T.W,2,3.454076,Urban,No,Head-on,No,83,Wet
Minor injury,14,7,18,Female,Car,3,3.12094,Urban,No,Rear-end,Yes,107,Dry
Minor injury,24,10,56,Female,T.W,1,3.260175,Rural,No,Head-on,No,43,Wet
Minor injury,75,3,60,Female,Heavy Vehicle,2,3.159393,Rural,No,Rear-end,No,32,Icy
Minor injury,106,22,63,Male,T.W,3,3.444472,Rural,No,Rear-end,No,55,Wet
Minor injury,14,21,25,Male,Heavy Vehicle,2,3.13929,Urban,Yes,Head-on,Yes,51,Icy
Minor injury,21,8,65,Male,Car,2,3.247267,Rural,Yes,Head-on,No,114,Wet
Minor injury,57,4,65,Male,Car,3,3.2851,Rural,Yes,Head-on,No,48,Dry
Minor injury,49,7,22,Female,Heavy Vehicle,2,3.20436,Rural,No,Head-on,No,37,Icy
Minor injury,27,7,41,Female,Car,1,3.026571,Urban,Yes,Rear-end,No,56,Wet
Minor injury,44,19,75,Female,Heavy Vehicle,3,3.197868,Urban,Yes,Rear-end,No,49,Wet
Minor injury,42,15,54,Male,Heavy Vehicle,3,3.155439,Rural,No,Rear-end,Yes,54,Wet
Minor injury,93,20,67,Female,Car,3,3.442724,Urban,Yes,Head-on,No,40,Wet
Minor injury,70,5,22,Female,Heavy Vehicle,3,3.333953,Urban,No,Rear-end,No,112,Wet
Minor injury,105,10,53,Male,T.W,1,3.271458,Rural,Yes,Rear-end,No,99,Icy
Minor injury,23,23,50,Female,Heavy Vehicle,3,3.152788,Urban,No,Head-on,No,75,Icy
Minor injury,59,13,24,Male,Car,3,3.057697,Rural,No,Rear-end,Yes,63,Dry
Minor injury,23,4,52,Male,Heavy Vehicle,1,3.34537,Rural,No,Rear-end,No,50,Dry
Minor injury,33,19,37,Female,Car,1,3.207594,Urban,No,Rear-end,No,33,Wet
Minor injury,82,20,62,Female,T.W,2,3.077657,Rural,Yes,Head-on,No,36,Wet
Minor injury,81,11,22,Female,Heavy Vehicle,1,3.311241,Rural,No,Rear-end,No,107,Icy
Minor injury,31,15,23,Female,Car,2,3.024163,Urban,Yes,Rear-end,Yes,107,Wet
Minor injury,32,22,52,Female,Heavy Vehicle,1,3.440439,Urban,No,Head-on,No,61,Dry
Minor injury,35,18,80,Female,Car,3,3.416046,Urban,Yes,Head-on,No,79,Icy
Minor injury,30,7,27,Female,T.W,3,3.142872,Urban,No,Head-on,No,72,Dry
Minor injury,45,4,66,Male,Heavy Vehicle,2,3.30849,Rural,No,Head-on,Yes,100,Wet
Minor injury,120,4,18,Male,Heavy Vehicle,1,3.4955,Urban,No,Head-on,No,43,Dry
Minor injury,40,6,68,Male,T.W,3,3.452586,Urban,No,Head-on,Yes,79,Dry
Minor injury,22,18,55,Male,Car,1,3.432739,Rural,Yes,Head-on,No,30,Wet
Minor injury,72,10,42,Female,Heavy Vehicle,2,3.102667,Rural,No,Head-on,No,112,Dry
Minor injury,22,7,44,Male,Car,3,3.320323,Urban,No,Rear-end,Yes,49,Dry
Major injury,39,3,40,Female,Car,3,3.22776,Rural,No,Rear-end,No,67,Wet
Major injury,55,18,66,Female,Car,2,3.358975,Urban,No,Rear-end,No,32,Icy
Major injury,31,16,32,Female,Car,3,3.461152,Rural,Yes,Head-on,Yes,66,Wet
Major injury,34,15,56,Male,Heavy Vehicle,1,3.453363,Urban,No,Head-on,No,71,Icy
Major injury,33,1,60,Female,Heavy Vehicle,1,3.106514,Rural,Yes,Rear-end,No,97,Dry
Major injury,94,17,67,Female,T.W,3,3.497986,Rural,No,Rear-end,Yes,45,Dry
Major injury,30,6,25,Female,T.W,1,3.137761,Urban,No,Rear-end,Yes,79,Icy
Major injury,27,4,78,Male,Heavy Vehicle,2,3.035862,Rural,Yes,Head-on,Yes,113,Icy
Major injury,59,13,62,Male,T.W,2,3.347497,Urban,Yes,Head-on,Yes,109,Wet
Major injury,116,9,37,Female,Heavy Vehicle,1,3.291311,Rural,No,Rear-end,No,100,Wet
Major injury,14,17,52,Female,Car,1,3.160147,Rural,Yes,Rear-end,No,97,Icy
Major injury,18,7,23,Male,T.W,1,3.455577,Rural,Yes,Rear-end,No,45,Dry
Major injury,52,0,61,Male,Heavy Vehicle,1,3.350369,Rural,Yes,Rear-end,Yes,56,Dry
Major injury,114,2,24,Female,T.W,1,3.193004,Urban,Yes,Rear-end,No,113,Wet
Major injury,118,15,35,Male,Heavy Vehicle,2,3.484345,Rural,Yes,Head-on,No,118,Dry
Major injury,26,16,65,Female,Heavy Vehicle,2,3.136362,Urban,No,Head-on,No,106,Wet
Major injury,15,4,79,Female,Heavy Vehicle,3,3.24015,Urban,Yes,Head-on,No,96,Wet
Major injury,94,3,27,Female,T.W,1,3.083247,Urban,No,Rear-end,Yes,58,Wet
Major injury,36,22,72,Male,T.W,3,3.238743,Urban,Yes,Head-on,Yes,104,Dry
Major injury,85,18,37,Female,Heavy Vehicle,1,3.494472,Urban,No,Rear-end,Yes,48,Wet
Major injury,89,14,45,Female,T.W,1,3.173959,Rural,Yes,Head-on,Yes,34,Dry
Major injury,87,5,66,Male,Heavy Vehicle,1,3.454305,Rural,Yes,Head-on,No,37,Icy
Major injury,33,14,27,Male,Car,1,3.185565,Rural,No,Rear-end,Yes,108,Wet
Major injury,108,11,30,Male,Car,3,3.364089,Rural,Yes,Rear-end,Yes,56,Wet
Major injury,102,18,78,Female,T.W,2,3.326105,Urban,Yes,Rear-end,No,81,Dry
Major injury,99,13,50,Female,T.W,1,3.344301,Urban,Yes,Head-on,No,58,Icy
Major injury,48,5,39,Male,Car,2,3.447915,Urban,Yes,Head-on,No,84,Icy
Major injury,78,3,57,Male,T.W,1,3.233786,Urban,Yes,Head-on,No,96,Icy
Major injury,70,14,62,Male,Heavy Vehicle,3,3.417038,Urban,No,Head-on,Yes,56,Wet
Major injury,94,22,26,Male,Heavy Vehicle,1,3.403465,Rural,Yes,Rear-end,No,82,Icy
Major injury,104,12,54,Female,Heavy Vehicle,2,3.403228,Rural,No,Rear-end,Yes,77,Icy
Major injury,41,16,41,Female,T.W,1,3.417452,Urban,Yes,Rear-end,Yes,83,Wet
Major injury,56,7,55,Female,Heavy Vehicle,1,3.280088,Rural,No,Rear-end,No,33,Dry
Major injury,83,6,51,Male,Heavy Vehicle,1,3.34035,Urban,Yes,Rear-end,Yes,118,Dry
Major injury,43,23,44,Female,Car,1,3.4087,Urban,Yes,Head-on,Yes,96,Dry
Major injury,98,13,56,Female,Car,1,3.304128,Rural,No,Rear-end,Yes,87,Wet
Major injury,28,21,60,Female,T.W,1,3.304403,Rural,No,Head-on,Yes,44,Wet
Major injury,100,2,70,Female,Car,1,3.385081,Rural,Yes,Head-on,Yes,82,Wet
Major injury,98,0,41,Female,Car,3,3.49075,Urban,Yes,Rear-end,No,91,Dry
Major injury,103,18,48,Female,Heavy Vehicle,3,3.278085,Rural,No,Rear-end,Yes,67,Wet
Major injury,40,17,39,Male,Heavy Vehicle,3,3.057779,Rural,Yes,Rear-end,Yes,113,Dry
Major injury,32,19,21,Female,Car,3,3.172956,Rural,Yes,Rear-end,Yes,57,Icy
Major injury,32,3,25,Male,Car,3,3.21847,Urban,No,Head-on,Yes,31,Icy
Major injury,112,18,47,Female,T.W,3,3.081793,Rural,No,Head-on,No,65,Dry
Major injury,68,10,48,Male,T.W,2,3.435869,Urban,Yes,Head-on,No,56,Wet
Major injury,110,7,79,Female,T.W,3,3.162553,Urban,No,Head-on,No,71,Dry
Major injury,67,17,70,Female,Car,2,3.421942,Urban,No,Head-on,Yes,38,Icy
Major injury,40,19,18,Male,Car,2,3.104997,Rural,No,Rear-end,No,67,Dry
Major injury,82,7,45,Female,Car,1,3.385595,Urban,No,Head-on,Yes,111,Icy
Major injury,47,13,72,Male,T.W,3,3.371624,Rural,No,Head-on,No,67,Dry
Major injury,115,16,57,Female,Heavy Vehicle,3,3.222966,Urban,No,Head-on,Yes,106,Icy
Major injury,43,4,57,Male,Heavy Vehicle,3,3.144458,Urban,Yes,Head-on,Yes,33,Wet
Major injury,35,23,59,Female,Car,3,3.133827,Urban,No,Head-on,No,102,Dry
Major injury,53,16,28,Male,T.W,2,3.419402,Rural,Yes,Rear-end,Yes,47,Wet
Major injury,56,20,69,Male,T.W,2,3.236555,Rural,No,Rear-end,Yes,49,Wet
Major injury,49,16,78,Male,Heavy Vehicle,2,3.412904,Rural,Yes,Rear-end,Yes,43,Icy
Major injury,25,3,59,Male,Car,2,3.299861,Urban,No,Rear-end,No,92,Wet
Major injury,46,20,33,Male,T.W,3,3.493472,Urban,No,Head-on,No,111,Dry
Major injury,117,22,60,Female,Car,1,3.320974,Urban,No,Rear-end,No,110,Dry
Major injury,83,10,50,Male,Car,3,3.496899,Rural,No,Head-on,Yes,120,Icy
Major injury,100,17,71,Female,Heavy Vehicle,3,3.366703,Rural,No,Rear-end,No,97,Dry
Major injury,114,23,65,Male,Car,2,3.161207,Urban,Yes,Rear-end,Yes,94,Icy
Major injury,117,22,70,Female,Heavy Vehicle,3,3.232849,Rural,No,Head-on,No,98,Icy
Major injury,84,8,69,Male,T.W,2,3.017776,Rural,Yes,Rear-end,Yes,90,Wet
Major injury,43,18,26,Female,Heavy Vehicle,1,3.470373,Urban,Yes,Head-on,No,55,Icy
Major injury,74,6,26,Male,T.W,1,3.287111,Urban,Yes,Rear-end,No,53,Dry
Major injury,79,8,28,Female,Heavy Vehicle,2,3.209846,Urban,Yes,Head-on,No,76,Wet
Major injury,113,4,65,Female,Heavy Vehicle,1,3.23666,Rural,No,Rear-end,No,43,Wet
Major injury,34,6,68,Female,Heavy Vehicle,1,3.453837,Urban,No,Rear-end,Yes,110,Icy
Major injury,35,11,18,Female,Car,2,3.390386,Urban,Yes,Head-on,No,117,Dry
Major injury,49,12,62,Female,T.W,2,3.475132,Rural,Yes,Head-on,Yes,33,Icy
Major injury,103,10,54,Female,Heavy Vehicle,3,3.33597,Rural,Yes,Head-on,Yes,117,Wet
Major injury,19,5,56,Male,T.W,1,3.113619,Rural,No,Head-on,No,37,Dry
Major injury,72,15,41,Male,T.W,2,3.04522,Rural,Yes,Rear-end,Yes,57,Icy
Major injury,80,6,29,Female,T.W,2,3.459442,Urban,No,Rear-end,Yes,64,Icy
Major injury,84,20,74,Male,T.W,1,3.410298,Rural,Yes,Rear-end,Yes,102,Dry
Major injury,14,21,63,Male,Heavy Vehicle,1,3.099177,Rural,Yes,Head-on,No,88,Icy
Major injury,71,7,80,Male,Car,3,3.265254,Rural,Yes,Rear-end,No,85,Wet
Major injury,14,10,18,Male,Car,1,3.128187,Rural,No,Rear-end,No,101,Dry
Major injury,120,8,60,Female,Car,3,3.456391,Urban,No,Head-on,Yes,93,Dry
Major injury,79,0,36,Female,T.W,1,3.426431,Urban,No,Head-on,No,85,Wet
Major injury,58,0,69,Male,Car,1,3.469002,Rural,No,Rear-end,Yes,66,Wet
Major injury,15,13,32,Male,Car,2,3.390864,Rural,Yes,Rear-end,Yes,58,Dry
Major injury,114,17,51,Male,Heavy Vehicle,1,3.345546,Urban,Yes,Head-on,No,108,Dry
Major injury,96,16,57,Male,Car,1,3.381545,Rural,No,Rear-end,No,100,Dry
Major injury,54,2,74,Male,T.W,2,3.172348,Rural,Yes,Rear-end,No,98,Icy
Major injury,20,16,27,Male,Car,2,3.246752,Rural,No,Head-on,No,120,Icy
Major injury,20,23,52,Male,Car,2,3.30616,Urban,Yes,Head-on,No,39,Icy
Major injury,26,5,54,Male,T.W,1,3.060804,Rural,No,Head-on,Yes,69,Wet
Major injury,17,21,73,Male,T.W,3,3.400109,Rural,No,Head-on,Yes,85,Icy
Major injury,79,21,30,Male,Heavy Vehicle,2,3.083012,Rural,Yes,Head-on,Yes,31,Dry
Major injury,65,16,46,Female,Car,2,3.349904,Urban,Yes,Head-on,No,72,Dry
Major injury,53,11,56,Female,T.W,2,3.042148,Urban,Yes,Head-on,Yes,92,Icy
Major injury,27,11,79,Male,Heavy Vehicle,3,3.066528,Urban,No,Rear-end,Yes,105,Wet
Major injury,61,13,58,Female,Car,3,3.005611,Rural,Yes,Rear-end,Yes,31,Wet
Major injury,64,9,23,Male,T.W,3,3.486475,Rural,No,Head-on,Yes,76,Icy
Major injury,31,15,79,Male,T.W,2,3.404111,Rural,No,Head-on,No,40,Wet
Major injury,67,1,26,Male,Heavy Vehicle,3,3.407907,Urban,Yes,Rear-end,Yes,45,Dry
Major injury,80,14,56,Female,T.W,2,3.284136,Urban,No,Rear-end,No,61,Icy
Major injury,47,2,77,Male,T.W,2,3.469736,Urban,Yes,Head-on,Yes,72,Dry
Fatal crash,97,16,43,Male,Heavy Vehicle,3,3.150731,Rural,Yes,Head-on,No,75,Dry
Fatal crash,31,4,20,Female,T.W,3,3.334049,Urban,Yes,Head-on,No,34,Dry
Fatal crash,59,5,60,Female,Heavy Vehicle,1,3.035196,Rural,Yes,Rear-end,No,64,Wet
Fatal crash,20,15,57,Female,Car,1,3.310063,Rural,No,Rear-end,Yes,82,Wet
Fatal crash,21,5,57,Male,Car,1,3.365979,Urban,Yes,Rear-end,Yes,106,Dry
Fatal crash,104,15,77,Male,Heavy Vehicle,2,3.261741,Urban,Yes,Head-on,No,83,Dry
Fatal crash,10,5,69,Male,T.W,2,3.266254,Urban,No,Rear-end,No,81,Wet
Fatal crash,117,4,65,Male,Car,1,3.457466,Rural,No,Rear-end,No,71,Wet
Fatal crash,37,19,73,Male,Heavy Vehicle,2,3.390505,Urban,No,Head-on,No,32,Icy
Fatal crash,46,17,66,Male,Heavy Vehicle,3,3.197275,Urban,Yes,Head-on,No,108,Icy
Fatal crash,54,8,37,Male,Car,3,3.212947,Rural,No,Rear-end,Yes,52,Dry
Fatal crash,68,21,78,Male,Heavy Vehicle,3,3.29093,Rural,Yes,Rear-end,No,83,Icy
Fatal crash,18,5,59,Male,Heavy Vehicle,3,3.400854,Urban,Yes,Head-on,No,63,Wet
Fatal crash,60,22,32,Male,Heavy Vehicle,1,3.008605,Urban,Yes,Head-on,Yes,80,Icy
Fatal crash,64,16,36,Male,T.W,1,3.119452,Urban,Yes,Head-on,Yes,79,Icy
Fatal crash,14,9,47,Female,T.W,1,3.137021,Rural,No,Rear-end,Yes,111,Dry
Fatal crash,28,13,54,Male,T.W,3,3.226501,Urban,No,Rear-end,No,68,Icy
Fatal crash,92,12,67,Female,Heavy Vehicle,1,3.08315,Urban,No,Head-on,No,67,Wet
Fatal crash,87,13,37,Female,Heavy Vehicle,1,3.399268,Urban,Yes,Rear-end,No,70,Wet
Fatal crash,37,14,21,Male,Car,1,3.394449,Urban,No,Head-on,No,77,Icy
Fatal crash,96,12,74,Female,Car,1,3.05592,Rural,No,Rear-end,Yes,104,Icy
Fatal crash,113,0,56,Female,Car,1,3.427387,Rural,Yes,Rear-end,Yes,53,Icy
Fatal crash,69,4,37,Male,T.W,2,3.137621,Urban,No,Rear-end,Yes,112,Icy
Fatal crash,97,4,29,Female,T.W,3,3.180509,Rural,Yes,Rear-end,No,70,Wet
Fatal crash,119,3,24,Female,Heavy Vehicle,1,3.282091,Rural,Yes,Rear-end,No,48,Wet
Fatal crash,56,18,18,Male,T.W,3,3.313198,Rural,Yes,Rear-end,Yes,72,Wet
Fatal crash,108,1,57,Male,Car,2,3.473133,Urban,No,Rear-end,Yes,91,Wet
Fatal crash,45,18,22,Male,Heavy Vehicle,2,3.135474,Rural,No,Rear-end,No,88,Icy
Fatal crash,43,8,66,Male,T.W,2,3.426179,Rural,No,Head-on,No,99,Wet
Fatal crash,76,18,63,Female,Heavy Vehicle,2,3.151088,Urban,No,Head-on,Yes,84,Icy
Fatal crash,39,20,21,Male,Car,2,3.139535,Rural,No,Head-on,Yes,34,Wet
Fatal crash,36,0,18,Female,T.W,2,3.006428,Urban,No,Head-on,No,71,Wet
Fatal crash,110,11,28,Female,Car,3,3.448041,Urban,No,Rear-end,No,89,Icy
Fatal crash,44,1,31,Female,Heavy Vehicle,1,3.20862,Urban,No,Rear-end,No,112,Wet
Fatal crash,43,13,62,Female,Car,3,3.218634,Urban,No,Head-on,No,91,Icy
Fatal crash,75,2,32,Male,T.W,1,3.009372,Rural,No,Rear-end,Yes,31,Icy
Fatal crash,68,6,72,Male,T.W,1,3.15727,Rural,Yes,Head-on,No,46,Wet
Fatal crash,109,11,54,Female,Heavy Vehicle,3,3.240576,Urban,Yes,Rear-end,No,58,Wet
Fatal crash,111,1,39,Male,T.W,1,3.436524,Rural,No,Rear-end,No,116,Icy
Fatal crash,56,14,65,Female,T.W,2,3.033189,Rural,No,Head-on,Yes,31,Wet
Fatal crash,69,8,44,Female,Heavy Vehicle,3,3.385569,Rural,No,Rear-end,No,37,Wet
Fatal crash,77,19,51,Female,T.W,1,3.464418,Urban,Yes,Rear-end,Yes,92,Icy
Fatal crash,48,10,72,Male,T.W,2,3.365939,Rural,No,Head-on,Yes,48,Wet
Fatal crash,118,12,44,Female,T.W,2,3.132635,Rural,Yes,Rear-end,Yes,94,Wet
Fatal crash,53,1,30,Male,Heavy Vehicle,3,3.147241,Urban,Yes,Rear-end,Yes,52,Icy
Fatal crash,102,4,52,Female,Car,1,3.158081,Rural,No,Rear-end,Yes,65,Icy
Fatal crash,72,16,30,Male,T.W,3,3.052298,Rural,No,Head-on,No,85,Icy
Fatal crash,12,23,46,Female,T.W,2,3.394832,Rural,No,Head-on,Yes,56,Dry
Fatal crash,51,2,19,Male,Heavy Vehicle,1,3.432373,Rural,No,Rear-end,Yes,64,Dry
Fatal crash,22,23,22,Male,Heavy Vehicle,3,3.330847,Rural,No,Head-on,No,53,Icy
Fatal crash,12,11,69,Female,Heavy Vehicle,1,3.37339,Rural,No,Rear-end,Yes,63,Icy
Fatal crash,109,13,27,Male,T.W,2,3.12784,Urban,No,Head-on,Yes,64,Dry
Fatal crash,71,8,29,Female,Heavy Vehicle,2,3.121568,Urban,No,Rear-end,No,63,Wet
Fatal crash,54,23,56,Female,T.W,1,3.36568,Rural,No,Head-on,No,106,Dry
Fatal crash,15,0,55,Female,Car,3,3.028388,Rural,Yes,Rear-end,Yes,96,Icy
Fatal crash,67,15,71,Female,T.W,2,3.01115,Urban,No,Rear-end,Yes,103,Dry
Fatal crash,91,1,25,Female,Heavy Vehicle,3,3.193071,Rural,Yes,Rear-end,No,75,Dry
Fatal crash,109,3,49,Female,Car,3,3.168361,Rural,No,Head-on,No,73,Icy
Fatal crash,117,5,57,Male,Car,2,3.409497,Urban,No,Rear-end,No,100,Wet
Fatal crash,58,21,29,Female,T.W,1,3.284554,Rural,No,Head-on,Yes,96,Dry
Fatal crash,48,5,36,Male,Car,2,3.038768,Rural,No,Head-on,No,39,Wet
Fatal crash,68,18,64,Female,Car,3,3.17916,Urban,Yes,Rear-end,No,91,Wet
Fatal crash,50,9,29,Female,Car,3,3.25579,Rural,No,Rear-end,No,111,Icy
Fatal crash,12,9,64,Male,T.W,3,3.119703,Urban,No,Head-on,Yes,117,Icy
Fatal crash,105,22,47,Male,Car,2,3.299128,Urban,Yes,Rear-end,Yes,108,Wet
Fatal crash,54,11,30,Female,Car,2,3.321374,Urban,No,Head-on,Yes,96,Dry
Fatal crash,30,18,58,Female,Car,1,3.486818,Urban,Yes,Rear-end,Yes,79,Icy
Fatal crash,31,2,49,Female,Heavy Vehicle,3,3.286139,Rural,Yes,Head-on,Yes,43,Wet
Fatal crash,97,6,24,Female,Heavy Vehicle,3,3.032212,Rural,No,Rear-end,Yes,114,Wet
Fatal crash,79,20,39,Female,Heavy Vehicle,3,3.281378,Rural,No,Head-on,Yes,47,Icy
Fatal crash,29,3,61,Male,Car,3,3.398068,Rural,No,Rear-end,No,76,Dry
Fatal crash,114,3,58,Male,T.W,2,3.277101,Rural,No,Head-on,Yes,56,Icy
Fatal crash,66,10,32,Female,T.W,3,3.085988,Rural,Yes,Head-on,No,57,Icy
Fatal crash,118,3,54,Male,Heavy Vehicle,3,3.460466,Rural,No,Head-on,Yes,113,Dry
Fatal crash,30,9,77,Male,T.W,2,3.374695,Rural,No,Head-on,Yes,51,Dry
Fatal crash,116,20,23,Male,Heavy Vehicle,1,3.029561,Urban,Yes,Head-on,No,49,Wet
Fatal crash,72,22,27,Female,Heavy Vehicle,3,3.263753,Urban,Yes,Rear-end,No,30,Wet
Fatal crash,109,19,29,Female,Heavy Vehicle,3,3.226601,Urban,No,Head-on,Yes,37,Icy
Fatal crash,10,3,41,Female,T.W,2,3.420078,Urban,Yes,Head-on,Yes,37,Dry
Fatal crash,59,17,71,Male,T.W,2,3.029323,Urban,No,Head-on,No,119,Wet
Fatal crash,104,3,64,Male,Heavy Vehicle,3,3.031643,Urban,Yes,Rear-end,Yes,112,Dry
Fatal crash,65,18,63,Male,Heavy Vehicle,3,3.387672,Urban,No,Head-on,No,39,Dry
Fatal crash,71,9,71,Male,Car,2,3.407553,Rural,No,Head-on,No,101,Dry
Fatal crash,27,8,66,Female,Heavy Vehicle,2,3.187449,Rural,No,Head-on,No,66,Wet
Fatal crash,98,7,39,Male,Car,1,3.37406,Rural,Yes,Head-on,Yes,76,Wet
Fatal crash,89,22,21,Female,T.W,3,3.437433,Urban,Yes,Head-on,Yes,45,Wet
Fatal crash,89,12,24,Female,T.W,2,3.263526,Urban,Yes,Rear-end,Yes,81,Wet
Fatal crash,53,20,73,Male,Heavy Vehicle,2,3.38605,Urban,Yes,Head-on,No,110,Dry
Fatal crash,105,11,78,Male,Heavy Vehicle,2,3.360997,Urban,No,Head-on,No,59,Icy
Fatal crash,55,3,31,Male,T.W,3,3.393437,Rural,Yes,Head-on,No,43,Wet
Fatal crash,81,10,68,Female,T.W,2,3.325639,Rural,Yes,Head-on,Yes,114,Dry
Fatal crash,109,16,68,Female,T.W,1,3.370836,Urban,No,Head-on,No,90,Dry
Fatal crash,106,14,69,Male,Heavy Vehicle,1,3.016228,Rural,Yes,Rear-end,Yes,38,Wet
Fatal crash,46,3,51,Female,Heavy Vehicle,3,3.478685,Urban,No,Rear-end,No,54,Dry
Fatal crash,53,16,74,Male,Car,1,3.332127,Rural,No,Head-on,Yes,79,Icy
Fatal crash,112,4,30,Male,Car,1,3.248476,Urban,No,Head-on,No,118,Icy
Fatal crash,87,21,52,Female,Heavy Vehicle,2,3.037739,Urban,Yes,Rear-end,No,38,Icy
Fatal crash,85,20,79,Female,Heavy Vehicle,2,3.350668,Rural,Yes,Rear-end,No,80,Wet
Fatal crash,44,5,23,Female,Car,3,3.419304,Urban,Yes,Rear-end,Yes,47,Wet
Fatal crash,68,12,30,Male,Car,1,3.357638,Rural,Yes,Head-on,No,120,Wet